Animal_Type,Breed,Age,Gender,Weight,Symptom_1,Symptom_2,Symptom_3,Symptom_4,Duration,Appetite_Loss,Vomiting,Diarrhea,Coughing,Labored_Breathing,Lameness,Skin_Lesions,Nasal_Discharge,Eye_Discharge,Body_Temperature,Heart_Rate,Disease_Prediction,Agglomerative_Cluster,GMM_Cluster,UMAP_1,UMAP_2
2,63,4,1,25.0,5,9,0,21,5,1,1,0,0,0,0,0,0,0,39.5,120,Parvovirus,1,0,8.108209,5.3758516
0,101,2,0,4.5,1,14,5,11,0,0,0,0,1,0,0,0,1,1,38.9,150,Upper Respiratory Infection,1,2,9.025417,6.9812527
1,57,3,0,600.0,5,11,7,1,7,1,0,0,1,1,0,0,1,0,40.1,90,Foot and Mouth Disease,4,4,3.4519215,5.32916
2,12,1,1,10.0,3,18,8,0,3,1,1,1,0,0,0,0,0,0,39.2,130,Gastroenteritis,1,0,7.695438,5.0684867
0,81,5,1,3.8,8,0,12,12,4,1,0,0,0,0,0,1,0,0,38.7,160,Fungal Infection,1,0,8.511492,6.8354397
4,113,6,0,500.0,1,7,10,6,1,1,0,0,1,1,0,0,1,0,39.8,85,Equine Influenza,4,2,3.2334757,5.0415626
2,50,3,0,30.0,7,6,12,9,9,1,0,0,0,0,1,1,0,0,39.3,110,Lyme Disease,1,3,8.129964,7.844763
0,70,2,1,6.0,14,0,8,4,6,1,1,1,0,0,0,0,0,0,39.1,140,Intestinal Parasites,1,0,8.639651,5.1006293
2,26,5,1,23.0,6,1,10,0,8,1,0,0,1,1,0,0,1,0,40.0,115,Canine Distemper,4,0,5.046393,5.7889004
1,59,4,0,580.0,8,2,6,12,10,1,0,0,0,0,0,0,0,0,39.6,70,Mastitis,4,4,4.29219,4.8433022
0,101,3,0,5.0,8,5,16,6,7,1,1,0,0,0,0,1,0,0,39.0,130,Panleukopenia,1,3,8.2987385,7.4305205
2,86,2,0,12.0,8,0,1,21,6,1,1,0,1,0,0,0,0,0,39.4,115,Kennel Cough,1,0,8.189378,5.502054
0,15,1,1,4.2,14,4,8,0,5,1,1,1,0,0,0,0,0,0,38.8,140,Panleukopenia,1,0,8.525214,5.0093517
4,10,8,0,490.0,7,6,1,11,0,1,0,0,1,0,1,0,1,0,39.9,75,Strangles,1,2,3.3979657,4.884371
1,54,5,1,650.0,5,9,2,0,7,1,0,0,0,0,0,0,0,0,39.7,80,Bovine Respiratory Disease,4,4,4.204282,5.0784297
2,31,4,0,3.5,8,18,4,1,3,1,1,1,1,0,0,0,0,0,39.1,130,Canine Parvovirus,1,3,7.6462603,5.1267476
0,88,3,1,5.0,11,0,8,21,1,1,1,0,0,0,0,1,0,0,38.6,155,Ringworm,1,0,8.621388,6.707274
2,103,6,1,28.0,7,6,12,9,10,1,0,0,0,0,1,1,0,0,39.3,120,Tick-Borne Disease,1,3,8.081211,7.9051256
4,32,10,1,700.0,1,11,7,6,4,1,0,0,1,1,0,0,1,0,40.2,85,Equine Influenza,4,4,3.1946545,4.964292
0,24,5,0,4.8,8,5,0,11,0,0,0,0,1,1,0,0,1,1,39.0,150,Upper Respiratory Infection,1,2,9.094321,6.9409885
1,8,3,0,590.0,2,6,0,9,9,1,0,0,0,0,0,0,0,0,39.5,70,Mastitis,4,4,4.205794,4.8933377
4,10,7,1,450.0,8,0,6,7,7,1,0,0,1,1,0,0,0,0,39.7,90,Equine Influenza,4,4,4.7267475,5.5522633
2,86,2,0,8.0,1,11,0,9,6,1,0,0,1,0,0,0,1,0,39.1,125,Kennel Cough,1,3,8.596246,7.204723
0,15,3,1,5.5,8,18,4,3,5,1,1,1,0,0,0,0,0,0,39.3,140,Panleukopenia,1,0,7.787707,5.1042395
1,8,5,0,700.0,5,2,8,11,9,1,0,0,1,1,0,0,1,0,39.8,80,Bovine Respiratory Disease,4,4,3.6994035,5.3290777
2,51,4,1,30.0,7,15,0,6,1,1,0,0,0,0,1,0,0,0,39.5,110,Arthritis,1,2,7.8321404,5.1813416
0,94,2,0,4.5,1,11,5,18,7,0,0,0,1,0,0,0,1,1,38.8,150,Feline Herpesvirus,1,2,9.055843,6.9455113
4,87,9,0,480.0,1,11,6,7,8,1,0,0,1,1,0,0,0,0,39.9,85,Equine Rhinopneumonitis,4,4,3.3964508,5.1793513
2,31,1,1,3.0,14,4,8,6,5,1,1,1,0,0,0,0,0,0,39.4,135,Parvovirus,1,0,8.568211,5.058769
0,88,6,1,6.0,0,19,16,9,4,1,1,0,0,0,0,1,0,0,39.0,160,Feline Leukemia,1,0,7.796136,7.2397804
1,54,3,0,650.0,8,6,2,11,10,1,0,0,1,0,0,0,0,0,39.6,75,Mastitis,4,4,4.1333594,5.001341
2,50,5,1,30.0,8,7,1,0,8,1,0,0,1,1,0,0,0,0,39.6,125,Heartworm Disease,4,0,4.8400106,5.6110706
0,70,6,0,7.5,0,18,4,17,6,1,1,1,0,0,1,0,0,0,38.9,145,Feline Infectious Peritonitis,1,3,7.36737,6.1232677
4,113,9,1,500.0,10,1,7,9,1,0,0,0,1,1,0,0,1,0,40.0,78,Equine Viral Arteritis,4,2,2.7327754,4.8807254
1,57,4,0,580.0,0,4,8,2,9,1,0,1,0,0,0,0,0,0,39.4,82,Johne's Disease,4,4,4.3188853,4.9221115
2,12,2,0,9.0,5,18,8,17,5,1,1,0,0,0,1,1,0,0,39.2,132,Canine Distemper,1,3,6.8256626,6.4002967
0,81,8,1,4.6,0,18,5,9,3,0,1,0,0,0,0,1,0,1,39.0,140,Conjunctivitis,1,2,7.636606,7.2650995
4,9,6,0,520.0,7,6,12,0,7,0,0,0,0,0,1,1,0,0,39.8,76,Equine Piroplasmosis,2,4,1.4757257,4.652186
1,59,3,1,620.0,3,9,0,2,10,1,0,1,0,0,0,0,0,0,39.7,79,Salmonellosis,4,4,4.2604103,4.944206
2,36,7,1,5.5,1,7,8,0,4,1,0,0,1,1,0,0,0,0,39.5,120,Chronic Bronchitis,4,3,5.13773,5.8088365
0,106,4,0,3.2,4,11,0,9,0,0,0,0,1,1,0,0,1,1,39.3,150,Feline Upper Respiratory Infection,1,2,9.102395,6.9665394
2,51,4,0,28.0,8,18,4,10,7,1,0,1,1,0,1,0,0,0,39.2,130,Parvovirus,1,3,7.396594,6.355652
0,24,3,1,5.5,0,1,10,5,6,1,0,0,1,1,0,0,0,1,38.7,145,Feline Upper Respiratory Infection,1,3,7.447135,7.6657934
4,10,10,0,450.0,7,6,14,9,10,0,0,0,1,1,0,0,0,0,39.4,75,Equine Arthritis,2,4,1.7610687,4.846309
1,8,6,1,600.0,1,11,7,6,9,0,0,0,1,1,0,0,0,0,39.9,82,Bovine Respiratory Disease,2,4,2.4920816,5.0876985
2,26,5,1,22.0,14,0,6,4,5,1,1,0,0,1,1,0,0,0,39.6,138,Gastroenteritis,1,0,8.670088,5.4040585
0,101,2,0,4.0,12,5,0,9,3,1,0,1,0,1,0,0,0,1,39.0,135,Feline Herpesvirus,1,3,8.84407,5.9402375
4,87,12,1,500.0,7,6,14,13,7,0,0,0,1,0,1,0,0,0,39.7,78,Equine Infectious Anemia,2,4,2.0016959,4.618723
1,54,3,0,570.0,8,4,0,3,8,1,0,0,0,0,1,0,0,0,39.1,80,Bovine Viral Diarrhea,4,4,4.095199,4.9862385
2,86,8,1,15.0,1,7,8,0,0,1,0,1,0,1,0,0,0,1,39.3,126,Kennel Cough,1,3,9.018977,5.673962
0,1,5,0,4.5,14,4,9,3,5,0,1,0,1,0,1,0,1,0,38.5,142,Pancreatitis,1,0,9.597674,6.9249625
4,32,15,1,600.0,0,9,7,1,1,0,0,1,1,0,0,1,1,0,39.8,70,Equine Pneumonia,2,2,2.609231,4.83509
1,23,7,0,620.0,5,1,8,2,7,1,0,1,1,0,1,0,0,0,39.6,81,Mastitis,4,4,3.8319738,5.9262137
2,58,9,1,25.0,8,18,4,10,6,1,1,0,1,1,0,0,0,0,39.1,124,Canine Parvovirus,1,3,6.736846,6.727323
0,88,4,0,5.0,4,11,1,9,8,1,0,0,1,0,1,1,0,0,38.6,148,Feline Calicivirus,1,3,7.80278,7.038259
4,75,11,0,520.0,7,16,11,22,9,0,0,1,1,0,1,0,1,0,39.7,77,Laminitis,2,4,2.0005476,4.6908765
1,68,2,1,550.0,3,9,0,3,6,1,0,0,1,1,0,1,0,0,39.5,85,Cryptosporidiosis,4,4,4.050704,5.399301
2,20,3,0,17.0,1,7,6,11,10,1,0,0,1,0,1,0,1,1,39.4,129,Bordetella Infection,1,3,6.6262527,8.093097
0,38,6,1,4.2,14,0,8,22,11,1,0,1,0,1,0,1,0,0,38.9,146,Inflammatory Bowel Disease,1,3,8.481678,5.713117
4,107,7,1,540.0,7,16,8,22,8,0,0,0,1,0,1,1,0,0,39.6,76,Degenerative Joint Disease,2,4,2.0723934,4.7189007
1,90,5,0,620.0,5,4,8,0,6,1,0,1,0,1,0,1,1,0,39.8,83,Bovine Leukemia Virus,3,4,3.9010355,7.4332027
2,31,3,1,2.5,12,5,7,9,7,1,0,0,1,0,0,1,0,1,39.5,131,Allergic Rhinitis,0,3,7.813878,8.1243725
0,106,5,0,3.0,14,0,4,22,8,1,1,0,0,1,0,1,0,0,38.7,143,Gastroenteritis,1,0,8.429522,5.7339997
4,99,10,0,680.0,8,6,0,22,1,0,0,1,1,0,1,0,0,0,39.9,74,Equine Leptospirosis,2,2,2.6917596,4.861198
1,52,4,1,590.0,0,9,4,3,7,1,0,0,1,0,0,1,0,0,39.3,84,Bovine Coccidiosis,4,4,4.1337905,5.282335
2,36,7,0,8.0,14,4,17,0,5,1,1,0,1,1,0,0,1,1,39.2,120,Gastroenteritis,0,3,8.975455,6.664584
0,70,9,1,6.5,8,0,17,3,10,1,1,1,0,0,0,1,1,0,39.0,140,Feline Renal Disease,1,3,8.388555,7.39293
4,113,14,1,520.0,1,7,6,22,2,0,1,1,0,1,0,0,1,0,39.7,72,Equine Influenza,2,2,2.3601887,4.7819614
1,59,6,0,600.0,5,11,2,9,7,1,0,0,1,0,1,0,0,0,39.4,86,Bovine Respiratory Syncytial Virus,4,4,3.9194493,5.1929216
2,64,11,1,35.0,8,10,6,21,9,1,0,0,1,0,1,0,1,0,39.3,118,Canine Distemper,1,3,5.6747937,5.871135
0,81,8,0,5.0,1,11,5,10,6,1,0,1,0,1,0,1,0,0,38.9,147,Feline Viral Rhinotracheitis,1,3,7.52544,5.857119
2,50,6,0,30.0,1,7,8,10,8,1,0,1,0,1,0,0,0,1,39.4,125,Kennel Cough,0,3,7.550007,5.7116113
0,96,4,1,4.8,12,5,0,9,7,1,0,0,1,1,0,1,0,1,38.7,137,Feline Herpesvirus,1,0,7.6878085,7.130998
4,9,10,0,510.0,7,6,14,13,11,0,0,1,1,0,1,0,0,0,39.8,74,Equine Laminitis,2,4,1.7603482,4.578591
1,57,7,1,590.0,1,11,7,9,6,0,0,0,1,1,0,1,0,0,39.9,80,Bovine Pneumonia,2,4,2.4048684,5.030408
2,12,5,1,10.0,14,4,9,6,5,1,1,0,0,0,1,0,1,0,39.2,132,Gastroenteritis,1,3,8.6885395,5.682917
0,15,3,0,4.2,8,18,4,3,8,1,0,1,1,0,1,0,0,0,39.1,145,Feline Panleukopenia,1,3,7.352354,6.3661947
4,10,13,1,490.0,5,11,7,9,10,0,0,0,1,1,0,0,1,0,39.6,78,Equine Influenza,2,4,2.065299,4.9982076
1,104,8,0,630.0,9,19,8,14,9,0,1,0,0,1,1,1,0,0,39.5,83,Johne's Disease,2,4,1.7877494,5.0977244
2,93,7,0,35.0,14,4,9,3,5,1,0,1,0,1,0,0,0,1,39.0,127,Parvovirus,1,3,9.118006,5.823373
0,102,2,1,5.5,1,14,10,5,6,1,0,1,0,0,1,0,1,0,38.6,144,Feline Calicivirus,1,3,7.9142113,6.459598
4,5,14,0,520.0,13,8,6,10,1,0,0,1,1,1,0,0,0,0,39.7,75,Equine Arthritis,2,2,2.6374276,4.8189354
1,100,5,1,600.0,3,3,8,10,7,1,0,0,1,0,1,0,0,1,39.4,84,Salmonellosis,3,4,3.5479705,6.2530165
2,98,4,0,7.0,1,7,0,9,8,1,0,1,0,1,1,0,0,0,39.3,133,Canine Flu,1,3,7.760733,5.9808106
0,4,5,1,3.7,14,4,3,22,5,1,1,0,0,1,1,0,0,0,38.8,148,Pancreatitis,1,0,8.27063,5.529726
4,80,12,1,600.0,13,8,0,22,7,0,0,0,1,1,0,0,1,0,39.9,72,Equine Infectious Anemia,2,2,2.2047722,4.8572006
1,23,3,0,570.0,5,11,8,1,6,1,0,0,1,0,1,0,0,1,39.8,86,Respiratory Syncytial Virus,3,4,3.5993993,5.843239
2,31,9,1,2.0,14,10,4,9,3,1,1,0,0,0,1,0,0,1,39.1,128,Gastroenteritis,1,0,8.387805,5.4737926
0,71,4,0,3.3,4,11,13,1,8,1,0,0,1,0,1,1,0,0,38.5,138,Feline Herpesvirus,1,3,7.9181614,7.335111
4,110,16,0,530.0,15,10,8,6,10,0,0,1,1,0,1,1,0,0,39.6,71,Equine Cushing's Disease,2,4,1.8303195,4.667383
1,59,6,1,620.0,15,12,8,0,9,1,0,1,0,1,1,0,0,0,39.4,87,Tuberculosis,3,4,4.1594124,7.5731893
2,37,8,0,20.0,14,4,17,3,6,1,0,1,0,1,0,0,1,0,39.0,120,Pancreatitis,0,3,9.08857,6.136162
0,19,6,1,4.0,8,18,9,22,7,1,0,0,1,1,0,1,0,0,38.9,149,Hyperthyroidism,1,3,6.3019896,6.4221973
4,116,10,1,450.0,7,16,11,22,11,0,0,1,1,1,0,0,1,0,39.8,76,Equine Arthritis,2,4,1.878308,4.7652955
1,25,3,0,580.0,3,3,9,9,7,1,1,0,0,0,1,0,0,1,39.3,85,Coccidiosis,3,4,3.7547362,6.613631
2,2,6,1,35.0,8,10,6,21,8,1,0,1,0,1,1,0,0,1,39.5,130,Canine Hepatitis,1,3,7.9482903,5.5801105
0,24,7,0,4.4,10,5,13,9,6,1,0,0,1,0,1,1,0,0,38.6,142,Upper Respiratory Infection,1,3,8.099758,7.4466915
4,75,11,0,530.0,15,16,11,6,10,0,1,1,0,1,0,0,1,0,39.7,74,Equine Encephalitis,2,4,1.676373,5.1151977
1,52,5,1,610.0,10,1,7,6,5,1,0,1,0,0,1,0,0,1,39.9,82,Bovine Influenza,3,4,3.6790812,6.1700187
2,22,8,0,27.0,14,9,4,10,6,1,1,0,0,1,0,0,1,0,39.2,131,Gastroenteritis,0,0,8.728423,6.162828
0,1,4,1,4.5,4,9,10,18,7,1,0,0,1,1,0,0,1,0,38.8,140,Feline Calicivirus,1,3,6.085359,6.3684793
2,51,5,1,32.0,14,4,9,9,5,1,0,1,0,1,0,0,0,1,39.2,130,Gastroenteritis,1,3,8.956069,5.611724
0,81,7,0,4.1,12,11,5,9,6,1,0,0,1,1,0,1,0,1,38.9,142,Feline Upper Respiratory Infection,1,3,7.4491067,7.009162
4,113,15,1,480.0,7,16,0,6,9,0,1,0,0,1,1,0,1,0,39.7,75,Equine Arthritis,2,4,2.1423492,5.3230557
1,68,6,0,620.0,15,12,0,9,1,1,1,0,1,0,1,0,0,1,39.4,85,Johne's Disease,1,2,3.69485,4.8680377
6,56,3,0,1.8,12,11,9,9,7,0,1,0,1,1,0,0,1,0,38.6,160,Snuffles,1,0,10.061341,7.01118
7,72,4,1,75.0,1,7,10,6,6,1,0,0,1,0,1,1,0,0,40.0,78,Pneumonia,0,1,5.532751,8.796331
3,18,5,0,68.0,3,3,8,10,8,1,0,1,0,0,1,0,0,1,39.3,82,Coccidiosis,0,3,5.026988,7.002612
5,118,2,1,110.0,14,4,9,6,5,0,1,0,1,1,0,0,1,1,39.5,85,Porcine Epidemic Diarrhea,4,1,7.400019,8.67199
2,36,4,0,9.0,8,18,9,3,5,1,0,1,0,1,1,0,0,0,39.0,132,Parvovirus,3,3,7.1109066,6.2723184
0,101,6,1,4.2,1,14,5,9,6,1,0,0,1,0,1,1,0,1,38.7,140,Feline Calicivirus,1,3,7.683171,7.2661176
4,32,12,0,600.0,5,16,0,8,8,0,0,1,0,1,1,0,1,0,39.6,77,Equine Laminitis,2,4,2.0779827,5.3069725
1,8,8,1,580.0,1,7,8,11,7,1,0,0,1,0,1,0,0,1,40.0,83,Bovine Respiratory Disease,3,4,3.4877682,5.966074
6,74,2,1,1.6,3,10,3,22,5,0,1,0,1,0,1,0,0,1,38.5,155,Enteritis,1,0,9.832458,6.9447665
7,108,3,0,80.0,15,9,9,16,10,1,0,1,0,0,1,0,1,0,39.8,77,Scrapie,1,3,7.3511386,9.587072
3,3,4,1,72.0,5,9,17,10,9,0,1,0,0,1,1,0,0,1,39.7,83,Caprine Arthritis Encephalitis,2,4,1.6385766,5.3894453
5,43,3,0,115.0,12,1,10,7,7,1,0,1,0,0,1,1,0,0,40.0,80,Swine Influenza,0,3,7.4877005,9.356852
2,34,5,1,11.0,14,4,8,22,5,1,0,1,0,0,1,0,1,0,39.2,134,Pancreatitis,1,3,8.24124,5.5447593
0,27,8,0,4.5,4,11,13,9,8,1,0,1,1,0,1,0,0,1,38.6,139,Feline Viral Rhinotracheitis,1,3,7.952673,6.765509
4,79,14,1,500.0,7,19,11,19,1,0,1,0,1,1,0,0,1,0,39.5,76,Equine Osteoarthritis,2,2,2.342066,4.778346
1,54,7,0,590.0,3,3,8,0,8,1,1,0,0,1,0,0,1,0,39.3,84,Bovine Johne's Disease,3,4,3.6891513,7.5224185
6,49,5,0,6.8,8,0,17,4,7,1,0,1,0,1,1,0,0,1,39.0,150,Gastrointestinal Stasis,1,3,9.534823,5.9655123
7,41,6,1,65.0,1,7,10,0,6,0,0,1,1,0,1,1,0,1,39.9,80,Pasteurellosis,2,1,5.338062,8.579626
3,78,3,0,70.0,3,3,8,0,7,1,1,0,0,0,1,0,1,1,39.4,81,Giardiasis,0,3,6.506053,9.3721075
2,86,7,0,15.0,8,18,9,4,6,1,0,1,0,0,1,0,1,0,39.1,125,Canine Parvovirus,3,3,7.2734747,6.362505
0,70,5,1,5.2,10,5,13,9,5,1,1,0,1,0,0,0,1,0,38.8,140,Feline Respiratory Disease Complex,1,3,8.592115,7.473774
4,10,9,0,460.0,7,16,9,15,8,0,1,0,0,1,1,0,1,1,39.6,78,Equine Lyme Disease,2,4,1.9057715,5.2698765
1,59,6,1,570.0,1,11,7,6,7,1,0,1,0,1,0,0,1,1,39.4,81,Bovine Tuberculosis,3,4,3.5913875,7.4736004
6,45,4,0,2.1,12,11,17,9,5,1,0,0,1,1,0,1,0,1,38.6,150,Rabbit Viral Hemorrhagic Disease,1,3,10.436075,6.513111
7,30,5,1,85.0,15,13,8,10,9,1,1,0,0,1,0,0,0,1,39.2,79,Foot-and-Mouth Disease,0,3,7.2300324,8.739905
3,114,7,0,65.0,3,3,8,0,7,1,1,0,1,0,1,0,1,0,39.3,80,Coccidiosis,0,3,6.6381106,9.515888
5,16,2,1,115.0,1,11,8,6,6,1,0,0,1,1,0,1,0,1,39.8,85,Actinobacillus Pleuropneumonia,0,1,5.7704573,8.015795
2,98,8,0,8.0,8,18,4,10,7,1,0,1,1,0,0,0,0,1,39.0,130,Canine Hepatitis,1,3,7.470252,6.4861274
0,96,4,1,4.3,10,5,13,9,5,1,0,1,0,0,1,0,1,1,38.7,143,Feline Rhinotracheitis,1,3,8.034385,6.418691
4,13,13,0,650.0,7,16,6,22,10,0,1,0,1,1,0,0,0,1,39.5,74,Equine Infectious Anemia,2,4,1.9670547,5.0483184
1,25,9,1,600.0,6,11,1,6,8,1,0,1,1,0,1,0,0,1,39.6,80,Bovine Respiratory Disease,3,4,3.5873165,6.1291428
6,55,3,1,1.9,12,5,10,9,3,0,1,0,1,1,1,1,1,0,38.4,160,Respiratory Infection,1,0,10.220211,7.103722
7,92,6,0,78.0,15,9,9,19,11,1,1,0,1,0,0,1,1,0,39.7,76,Scrapie,1,3,7.2832055,9.683866
3,61,3,1,75.0,10,6,17,10,8,0,1,1,0,1,1,0,1,1,39.2,82,Caprine Respiratory Disease,2,4,1.4374969,5.26897
5,109,4,0,120.0,14,4,0,6,7,1,1,0,1,1,0,1,0,0,39.6,84,Swine Dysentery,0,3,7.6259384,8.947291
2,12,6,1,13.0,1,7,10,6,6,1,0,0,1,1,1,0,1,0,39.4,127,Kennel Cough,0,3,5.344444,6.1306157
0,94,5,0,4.7,4,11,13,9,7,1,1,0,0,0,1,0,1,1,38.6,145,Feline Respiratory Infection,1,3,7.887723,6.624268
4,97,11,1,300.0,7,16,0,22,9,1,1,0,1,0,1,0,1,0,39.6,80,Equine Osteoarthritis,1,4,5.6056967,5.8063993
1,57,7,0,650.0,1,11,0,6,7,1,0,0,1,1,0,0,1,0,39.4,79,Bovine Tuberculosis,4,4,3.617941,5.2457223
6,44,2,0,1.4,12,11,8,10,5,1,0,1,1,0,1,0,0,1,38.8,155,Upper Respiratory Infection,1,3,10.085043,6.504881
7,69,8,1,95.0,8,16,6,10,8,0,1,0,1,1,0,1,0,1,39.9,75,Footrot,2,1,6.300054,8.305925
3,62,5,0,72.0,3,10,8,3,9,1,0,1,0,0,1,0,1,0,39.2,82,Gastrointestinal Infection,3,3,4.7144303,7.567389
5,85,3,1,110.0,5,1,10,22,8,0,1,1,0,1,0,1,0,1,39.8,87,Actinobacillus Pleuropneumonia,2,1,1.5259327,5.196952
2,51,7,1,30.0,14,4,9,9,8,1,0,1,1,0,0,1,0,0,39.5,118,Canine Parvovirus,0,3,7.991708,8.4958
0,106,4,1,5.2,14,4,9,9,7,1,1,1,0,1,1,0,0,0,39.1,148,Feline Infectious Peritonitis,1,3,8.789415,5.1901693
4,32,15,0,700.0,13,8,17,9,10,0,1,0,1,1,0,1,1,1,39.5,77,Equine Metabolic Syndrome,2,4,1.6660657,5.0179367
1,104,8,1,580.0,0,19,6,9,8,1,1,1,1,0,1,0,0,1,39.3,80,Bovine Johne's Disease,3,4,3.6267498,6.6283703
6,74,1,0,1.2,10,9,9,18,3,1,0,1,0,1,0,1,0,0,38.7,165,Pasteurellosis,1,3,10.275678,6.3924727
2,93,5,0,42.0,8,18,9,1,6,1,1,0,1,0,1,1,0,0,39.2,120,Canine Parvovirus,1,3,7.0704627,6.8146753
0,15,3,1,5.5,10,1,13,9,7,1,1,0,1,0,1,0,0,1,38.9,140,Feline Calicivirus,1,3,7.728761,7.5766935
4,113,7,0,480.0,7,10,15,6,8,0,1,1,0,1,1,0,1,0,39.6,75,Equine Influenza,2,4,1.4788435,5.2040734
1,8,6,1,550.0,1,11,6,22,9,1,0,1,1,1,0,1,0,0,39.4,82,Bovine Respiratory Disease,3,4,4.376447,6.781922
6,55,2,1,1.6,10,14,8,0,5,1,1,0,1,0,0,1,0,0,38.5,150,Rabbit Hemorrhagic Disease,1,3,10.467267,7.05144
7,112,4,0,85.0,7,16,9,4,7,1,0,0,1,0,0,1,1,0,39.3,76,Blue Tongue Virus,0,3,6.0986238,8.994447
3,3,5,1,72.0,14,4,6,10,8,1,1,0,1,0,0,1,1,0,39.0,81,Caprine Arthritis Encephalitis,1,3,8.459127,8.322036
5,43,3,0,100.0,1,11,9,9,6,1,0,1,0,1,1,0,0,1,39.5,88,Swine Influenza,0,3,5.2266464,7.288713
2,40,6,1,40.0,14,9,9,1,7,1,1,0,1,0,0,1,1,0,39.3,119,Canine Distemper,1,3,8.537753,8.020926
0,101,4,0,4.2,10,9,9,6,8,1,0,1,1,0,1,0,1,1,38.8,145,Feline Leukemia Virus,1,3,7.971713,6.5787473
4,83,9,1,530.0,7,1,9,20,9,0,1,0,1,1,0,0,1,0,39.7,77,Equine Infectious Anemia,2,4,1.9411833,4.896562
1,28,5,0,620.0,8,1,10,6,6,1,1,1,0,1,0,0,1,1,39.6,81,Bovine Tuberculosis,3,4,3.7089043,7.664009
6,73,1,0,1.2,10,10,8,18,3,1,1,1,1,0,0,1,0,0,38.7,155,Myxomatosis,1,3,10.308632,6.513929
7,108,6,1,90.0,13,10,8,1,7,1,1,0,1,0,1,0,1,0,39.4,78,Caseous Lymphadenitis,0,3,6.417221,9.504703
3,18,3,0,70.0,5,18,4,0,7,1,0,1,0,1,1,0,1,1,39.5,80,Caprine Pleuropneumonia,3,3,4.687967,7.493678
5,65,5,1,120.0,1,11,9,9,8,1,1,0,0,1,0,1,1,0,39.2,85,Actinobacillus Pleuropneumonia,0,1,4.6919293,8.675425
2,84,4,0,35.0,8,18,9,1,5,1,1,0,1,0,1,0,0,0,39.0,125,Leptospirosis,1,3,7.051342,6.695812
0,81,5,1,5.0,4,11,13,9,6,1,1,0,1,0,1,1,0,1,38.9,148,Feline Herpesvirus,1,3,7.70094,7.3337007
4,76,12,1,550.0,7,0,15,6,7,0,1,1,0,1,0,1,0,1,39.6,80,Equine Laminitis,2,4,1.4137377,5.163271
1,54,7,0,580.0,9,6,1,9,8,1,0,1,1,0,1,1,1,1,39.5,80,Bovine Johne's Disease,3,4,3.860923,6.3621097
6,56,3,1,1.3,10,10,8,6,6,1,1,0,0,1,0,1,1,0,38.6,160,Rabbit Syphilis,1,0,10.438036,7.066893
7,21,5,1,90.0,8,11,14,10,7,1,1,0,1,0,1,0,1,1,39.7,74,Chlamydia in Sheep,3,3,3.307757,8.514464
3,78,6,0,60.0,14,6,9,9,7,1,0,1,1,0,1,0,0,0,39.3,82,Caprine Respiratory Disease,0,3,7.469363,9.495568
5,117,3,1,105.0,14,6,9,9,7,1,1,0,1,1,0,1,0,1,39.0,84,Actinobacillus Suis,0,3,7.2983174,8.721457
2,33,5,0,20.0,14,9,9,6,6,1,1,0,0,1,0,0,1,0,39.2,123,Canine Leptospirosis,0,3,8.962231,6.3357897
0,96,4,1,4.8,1,10,6,9,7,1,0,1,0,0,1,0,1,1,38.8,147,Feline Chlamydia,1,3,7.9102354,6.4227576
4,10,6,0,500.0,7,10,15,1,8,0,1,1,1,0,0,1,1,0,39.4,79,Equine West Nile Virus,2,4,1.3917205,4.9566646
1,59,5,0,500.0,1,11,8,6,7,1,1,1,0,1,0,0,1,1,39.5,81,Bovine Viral Diarrhea,3,4,3.4862726,7.503999
6,45,2,1,1.5,12,11,9,6,5,1,0,0,1,1,0,1,0,0,38.9,153,Myxomatosis,1,3,10.539652,6.8942075
2,50,4,0,45.0,8,10,1,6,7,1,0,1,1,0,1,1,0,0,39.4,120,Canine Parvovirus,1,3,7.344863,6.50052
0,70,3,1,7.5,8,18,9,4,6,1,1,0,1,1,1,0,1,0,39.1,148,Feline Infectious Peritonitis,1,3,6.7257547,6.839238
4,32,9,1,850.0,7,1,9,6,8,0,1,1,0,1,0,1,1,0,39.2,79,Equine Rhinopneumonitis,2,4,1.3782847,5.144634
1,57,5,0,620.0,1,6,9,9,9,1,0,1,1,0,1,1,0,1,39.3,82,Bovine Respiratory Syncytial Virus,3,4,3.9322102,6.5613036
6,47,2,0,1.3,12,11,9,6,5,1,0,1,1,0,0,1,1,0,38.8,155,Rabbit Syphilis,1,3,10.326111,6.4916916
7,48,4,1,70.0,1,9,9,19,7,1,0,1,1,0,1,0,1,1,39.0,75,Scrapie,0,1,5.3874826,8.818388
3,95,5,0,65.0,14,6,4,10,8,1,1,0,0,1,1,0,1,1,39.4,80,Caprine Pleuropneumonia,0,3,7.966131,9.546978
5,109,3,1,100.0,1,9,10,10,6,1,1,0,1,1,0,1,0,0,39.6,85,Porcine Epidemic Diarrhea,0,1,6.130255,8.340275
2,86,6,1,25.0,8,10,1,6,7,1,1,0,1,0,0,1,1,0,39.3,110,Canine Distemper,1,3,8.577235,7.8832827
0,94,3,0,4.8,10,1,9,9,6,1,0,1,0,1,0,1,1,0,38.9,145,Feline Leukemia Virus,1,3,8.963119,5.8928757
4,97,8,0,300.0,7,10,15,6,7,1,1,0,1,0,1,1,0,0,39.5,76,Equine Herpesvirus,0,4,6.7016983,9.351507
1,52,7,1,590.0,1,9,9,20,8,1,0,0,1,1,1,1,0,1,39.1,78,Bovine Tuberculosis,3,4,4.085767,6.7375717
6,74,1,0,1.1,12,10,6,11,3,1,1,0,1,0,0,1,0,0,38.7,160,Myxomatosis,1,3,10.419837,6.702082
7,67,6,1,95.0,13,10,1,9,7,1,0,1,0,1,0,0,1,0,39.4,74,Chlamydia in Sheep,0,3,4.6303635,8.098889
3,77,2,0,55.0,14,6,9,9,6,1,1,0,1,0,0,1,0,1,39.2,82,Caprine Arthritis Encephalitis,0,3,7.509344,8.812263
5,66,6,0,115.0,1,11,9,9,9,1,0,1,1,1,0,1,0,0,39.7,83,Swine Influenza,0,1,5.507584,7.6959634
2,51,7,1,33.0,8,18,9,6,7,1,1,1,0,1,1,0,0,1,39.2,118,Canine Leptospirosis,1,3,6.7497053,5.9216127
0,27,4,1,4.3,10,1,9,9,5,1,0,0,1,0,1,1,0,1,39.0,150,Feline Calicivirus,1,3,7.8534017,7.625998
4,116,5,0,400.0,7,10,15,6,6,0,1,1,0,1,0,1,1,0,39.4,78,Equine Influenza,2,4,1.3459605,5.308253
1,0,6,0,620.0,1,6,9,9,7,1,0,1,0,1,1,1,1,0,39.2,80,Bovine Respiratory Disease,3,4,3.9295976,7.323281
6,55,2,1,1.2,12,10,6,11,6,1,1,0,1,0,0,1,0,1,38.8,154,Rabbit Hemorrhagic Disease,1,3,10.292946,6.9435043
7,42,3,1,75.0,1,10,8,6,7,1,0,1,1,1,0,1,0,0,39.1,77,Foot and Mouth Disease,0,1,5.583158,7.8798494
3,114,5,0,60.0,14,4,9,6,6,1,1,1,0,1,0,1,0,0,39.6,81,Caprine Pleuropneumonia,0,3,8.19833,9.338118
5,16,4,1,95.0,1,10,8,11,5,1,0,0,1,1,1,1,1,0,39.2,88,Porcine Reproductive and Respiratory Syndrome,0,1,5.520975,7.0079813
2,26,5,0,18.0,8,1,9,6,7,1,0,0,1,1,1,0,1,0,39.3,115,Kennel Cough,0,3,5.325793,6.1880965
0,101,6,1,5.5,1,10,8,6,6,1,0,0,1,0,0,1,1,0,39.0,149,Feline Infectious Peritonitis,1,3,8.408844,7.5009985
4,113,8,0,550.0,7,10,15,6,7,1,0,1,0,1,1,0,1,1,39.2,77,Equine Herpesvirus,3,4,3.96243,7.809194
1,11,4,1,630.0,1,9,9,20,8,1,0,1,1,0,1,1,1,0,39.1,79,Bovine Tuberculosis,3,4,4.311259,6.848094
2,12,4,0,15.0,1,10,8,6,6,1,0,1,1,0,0,1,1,0,39.2,125,Canine Influenza,0,3,6.189087,7.4274526
0,15,3,1,5.0,10,1,9,6,7,1,1,0,1,1,0,1,0,1,39.0,140,Feline Calicivirus,1,3,7.575026,7.7458
4,10,7,0,500.0,7,10,15,6,8,0,1,1,1,0,1,1,0,0,39.3,85,Equine Protozoal Myeloencephalitis,2,4,1.5242816,4.6666393
1,59,5,1,560.0,1,10,8,6,7,1,0,1,1,1,1,1,0,1,39.1,79,Bovine Tuberculosis,3,4,3.87057,6.861176
6,55,2,1,1.2,12,10,10,6,5,1,0,1,1,0,0,1,0,1,38.7,155,Rabbit Hemorrhagic Disease,1,3,10.436187,6.6432996
7,108,5,0,90.0,1,9,9,6,6,1,0,1,1,1,1,0,1,0,39.2,72,Foot and Mouth Disease,0,1,5.055308,8.352171
3,18,6,1,70.0,14,4,9,6,7,1,1,0,1,0,1,1,0,0,39.4,80,Caprine Arthritis Encephalitis,0,3,7.930377,8.816397
5,43,4,0,105.0,1,10,10,9,5,1,0,1,0,1,0,1,0,1,39.5,83,Porcine Respiratory Disease Complex,0,3,5.502716,7.539018
2,31,3,1,6.0,8,18,9,6,3,1,1,0,1,1,0,1,1,0,39.0,118,Canine Parvovirus,1,3,6.660633,6.8174906
0,96,5,0,4.7,10,1,9,6,8,1,1,1,1,0,1,0,1,1,38.9,150,Feline Infectious Peritonitis,1,3,8.063062,6.8244433
4,76,8,1,550.0,7,10,15,6,9,0,1,1,1,1,0,0,1,0,39.1,87,Equine Influenza,2,4,1.39839,5.109396
1,104,4,1,650.0,1,10,8,6,8,1,0,1,1,1,1,0,0,1,39.3,78,Bovine Respiratory Syncytial Virus,3,4,3.6445124,6.7314014
6,73,1,0,1.0,12,10,10,6,5,1,0,1,1,1,0,1,0,0,38.8,158,Myxomatosis,1,3,10.370012,6.4460344
7,60,5,1,80.0,13,1,9,9,6,1,0,1,1,1,1,0,1,1,39.4,75,Scrapie,0,3,9.927071,7.715278
3,7,6,0,60.0,14,10,8,6,7,1,1,1,1,0,0,1,0,1,39.6,83,Caprine Pleuropneumonia,0,3,8.01425,9.167553
5,65,4,1,100.0,1,10,8,6,7,1,1,1,1,1,0,1,0,1,39.2,87,Porcine Epidemic Diarrhea,0,1,5.8976526,7.9299407
2,93,5,0,40.0,8,18,9,6,6,1,0,1,1,1,1,0,1,0,39.3,122,Canine Distemper,3,3,7.0591397,6.4506426
0,1,3,1,4.6,10,1,9,6,6,1,0,1,0,1,1,1,0,0,39.0,142,Feline Leukemia Virus,1,3,8.616418,5.5239177
4,111,6,0,600.0,7,17,9,6,8,0,1,1,1,0,0,1,1,1,39.4,82,Equine Rhinopneumonitis,3,4,2.2623067,7.636087
1,39,3,1,450.0,1,10,8,6,7,1,1,0,1,1,0,1,1,1,39.3,79,Bovine Viral Diarrhea,1,4,3.0941591,7.257423
6,56,1,1,1.0,12,10,10,6,5,1,1,0,1,0,1,1,0,0,38.9,153,Rabbit Syphilis,1,3,10.41546,7.1901093
7,35,4,0,95.0,13,1,9,9,7,1,0,0,1,1,1,0,1,0,39.1,76,Blue Tongue,0,3,5.4728413,6.43934
3,61,5,1,72.0,14,10,8,6,8,1,1,0,1,0,1,1,0,1,39.5,80,Caprine Pleuropneumonia,0,3,7.708948,8.850814
5,53,3,0,105.0,1,10,8,11,7,1,1,0,1,1,0,1,0,1,39.2,86,Porcine Respiratory Disease Complex,0,1,6.15443,8.419416
2,51,7,1,30.0,1,10,8,6,7,1,1,1,1,1,0,1,0,0,39.0,130,Canine Distemper,1,3,6.3043275,7.5610137
0,81,6,0,4.2,10,10,8,6,7,1,1,0,1,0,0,1,1,0,39.1,148,Feline Coronavirus,1,3,8.382537,7.629755
4,107,6,1,650.0,7,17,9,6,8,1,0,1,0,1,1,1,0,1,39.4,80,Equine Influenza,3,4,3.4685814,7.633345
1,28,3,1,700.0,1,10,8,6,7,1,1,0,0,1,1,0,1,1,39.2,77,Bovine Tuberculosis,3,4,3.2582474,6.9862876
2,86,3,0,20.0,14,4,8,6,6,1,0,1,0,1,1,1,0,1,39.0,120,Parvovirus,1,3,9.360949,5.928899
0,70,5,1,8.5,1,10,8,6,5,1,1,0,1,1,0,1,0,1,39.1,145,Feline Upper Respiratory Infection,1,3,7.145374,7.518678
4,32,7,0,850.0,7,17,9,6,8,1,0,1,1,1,0,1,0,1,39.2,82,Equine Herpesvirus,3,4,2.8475065,7.5705357
1,57,4,1,700.0,1,10,8,6,7,1,1,0,0,1,0,1,0,1,39.3,77,Bovine Respiratory Disease,3,4,3.1492887,6.800086
6,44,2,1,1.8,12,11,9,6,6,1,1,0,1,0,1,0,0,1,39.0,150,Rabbit Viral Hemorrhagic Disease,1,3,10.312673,7.30891
7,105,6,0,80.0,1,10,8,6,7,1,0,1,1,0,1,1,0,0,39.3,74,Contagious Ecthyma,0,1,5.379003,8.495674
3,78,4,1,72.0,14,10,8,6,8,1,1,0,1,1,0,1,0,1,39.6,80,Pneumonia,0,3,7.2908506,8.632808
5,16,5,0,110.0,1,10,10,6,7,1,0,1,1,1,0,1,0,1,39.2,85,Swine Influenza,0,1,5.5115232,7.7008634
2,50,4,1,32.0,8,18,9,6,5,1,1,0,1,1,1,1,0,0,39.1,130,Canine Hepatitis,1,3,6.76276,6.783923
0,106,3,0,5.0,10,10,1,6,6,1,0,1,0,1,1,0,1,1,39.0,155,Feline Rhinotracheitis,1,3,8.206592,6.1247797
4,6,8,1,550.0,7,17,9,6,9,1,0,1,1,0,1,1,0,1,39.4,88,Equine Encephalomyelitis,3,4,2.8684185,7.4241185
1,52,5,0,450.0,1,10,8,6,6,1,0,1,0,1,1,1,1,0,39.0,78,Bovine Parainfluenza,3,4,3.9604487,7.40655
6,45,3,1,1.4,12,11,9,6,6,1,1,0,1,1,1,0,1,0,38.9,148,Pasteurellosis,1,3,10.11032,7.288023
7,115,4,1,95.0,13,1,9,9,7,1,1,0,1,0,1,1,0,0,39.2,76,Bluetongue Virus,0,3,7.4913673,9.318781
3,18,6,0,75.0,14,10,8,6,8,1,1,0,1,1,0,1,1,1,39.7,82,Caprine Viral Arthritis,0,3,8.279869,8.970213
5,66,4,1,120.0,1,10,8,6,8,1,0,1,1,1,1,0,1,0,39.1,86,Actinobacillus Pleuropneumonia,0,1,4.929006,8.307585
2,26,3,0,25.0,8,18,9,6,6,1,0,1,1,1,1,1,0,1,39.2,125,Canine Leptospirosis,1,3,6.5203137,6.8253284
0,94,2,1,6.0,10,10,1,6,5,1,1,1,1,0,1,1,0,1,39.0,145,Feline Asthma,1,3,7.476876,7.0714016
4,113,6,0,650.0,7,17,9,6,8,1,0,1,0,1,0,1,1,0,39.3,84,Equine Influenza Virus,3,4,3.6696293,7.67782
1,91,4,1,680.0,1,10,8,6,8,1,1,0,0,1,0,1,1,1,39.4,77,Bovine Tuberculosis,3,4,3.148225,7.262903
6,55,2,0,1.1,12,10,10,6,5,1,0,1,1,0,1,1,0,1,38.8,150,Rabbit Calicivirus,1,3,10.12299,6.43146
7,92,5,0,90.0,1,10,8,6,6,1,0,1,1,0,1,1,1,0,39.1,75,Maedi-Visna,0,1,5.3655367,8.387635
3,3,5,1,80.0,14,4,9,6,6,1,1,0,1,0,1,1,1,1,39.5,80,Caseous Lymphadenitis,0,3,8.033888,8.909131
5,82,4,0,130.0,1,10,8,11,8,1,1,0,1,0,1,0,1,1,39.2,88,Swine Erysipelas,0,1,5.9103603,9.00489
2,12,5,1,25.0,1,10,8,6,7,1,1,0,0,1,1,1,0,1,39.2,120,Kennel Cough,1,3,6.729385,5.827773
0,15,3,0,6.0,10,10,1,6,6,1,1,1,1,0,1,1,0,1,39.1,145,Feline Herpesvirus,1,3,7.4089875,6.9318027
4,9,9,1,550.0,7,10,15,6,9,1,1,0,1,0,1,1,1,1,39.4,80,Equine Infectious Anemia,3,4,2.8883832,8.163968
1,59,6,0,500.0,1,10,8,6,7,1,0,1,0,1,1,1,0,1,39.2,75,Bovine Viral Diarrhea,3,4,3.755051,7.0993614
6,46,3,1,2.0,12,11,9,6,6,1,1,0,1,1,1,1,0,0,39.0,155,Myxomatosis,1,3,10.411804,7.1698875
7,17,4,1,95.0,1,10,8,6,8,1,0,1,0,1,1,0,1,0,39.3,77,Blue Tongue Disease,3,1,4.6465693,8.126691
3,95,5,0,85.0,14,4,8,6,8,1,1,0,1,0,1,1,1,0,39.6,85,Caprine Arthritis Encephalitis,0,3,7.424052,9.656339
5,65,6,1,120.0,1,10,10,6,7,1,0,1,1,0,0,1,1,0,39.1,95,Actinobacillus Pleuropneumonia,0,1,5.6642184,8.123305
2,31,4,0,5.0,8,18,9,6,5,1,1,0,1,1,1,1,0,0,39.1,110,Canine Parvovirus,1,3,6.8443227,6.760018
0,102,7,1,10.2,10,10,1,6,7,1,1,1,1,0,0,1,1,0,39.0,135,Feline Asthma,1,3,8.581607,7.7269077
4,32,7,0,800.0,7,17,9,6,8,1,1,0,1,1,1,1,1,1,39.5,85,Equine Leptospirosis,3,4,2.5512185,7.3914638
1,11,5,1,720.0,1,10,8,6,6,1,1,0,0,1,1,1,0,1,39.3,82,Bovine Tuberculosis,3,4,3.0997627,6.812543
6,55,4,0,1.6,12,10,10,6,7,1,0,1,0,1,1,1,0,1,39.0,145,Pasteurellosis,1,3,9.809267,6.106644
7,108,4,1,85.0,1,10,8,6,7,1,1,0,1,0,0,1,1,0,39.4,78,Contagious Abortion,0,1,6.079532,9.056845
3,78,6,0,95.0,14,4,8,6,8,1,1,0,1,0,1,1,1,1,39.8,80,Pneumonia,0,3,7.629252,9.697528
5,43,3,1,110.0,1,10,8,6,7,1,1,0,1,1,0,1,0,1,39.2,100,Swine Dysentery,0,1,6.2063384,8.208544
2,22,6,0,30.0,8,18,9,6,6,1,1,0,1,1,1,1,0,1,39.1,115,Canine Leptospirosis,1,3,6.8154263,6.9470224
0,1,5,1,4.5,1,10,10,6,5,1,0,1,0,1,1,1,0,1,39.0,140,Feline Respiratory Disease Complex,1,3,6.9250607,5.7210646
4,75,5,1,550.0,7,10,15,6,8,1,1,0,1,1,0,1,1,1,39.2,80,Equine Herpesvirus,3,4,2.7905593,8.034495
1,14,4,0,650.0,1,10,8,6,6,1,1,1,0,1,1,1,0,1,39.4,75,Bovine Tuberculosis,3,4,3.3735452,6.9274354
6,44,3,1,2.0,12,10,10,6,6,1,1,0,1,1,1,1,0,1,39.1,150,Rabbit Hemorrhagic Disease,1,3,10.319826,7.363995
7,30,3,0,75.0,1,10,8,6,7,1,1,0,1,0,0,1,1,0,39.3,77,Foot-and-Mouth Disease,0,1,6.166086,8.924157
3,7,4,1,90.0,14,4,8,6,7,1,1,1,0,1,0,1,0,1,39.6,82,Caprine Arthritis,0,3,8.536667,9.235026
5,66,5,0,130.0,1,10,8,6,8,1,0,1,1,1,1,1,0,1,39.0,90,Swine Flu,0,1,5.4014297,7.814519
2,119,4,1,8.0,8,18,9,6,5,1,1,0,1,1,0,1,0,1,39.2,100,Canine Heartworm Disease,1,3,6.6880836,7.53614
0,70,6,0,10.0,1,10,10,6,6,1,1,1,0,1,1,1,1,1,39.1,145,Feline Leukemia,1,3,7.1525717,6.060585
4,113,6,1,550.0,7,10,15,6,7,1,0,0,1,1,1,1,1,1,39.5,78,Equine Influenza,3,4,3.143994,8.164951
2,93,7,1,35.0,1,10,8,6,6,1,0,0,1,1,1,1,1,1,39.3,110,Kennel Cough,1,3,6.8447375,7.558676
0,81,4,0,7.0,14,10,8,6,7,1,1,0,1,1,1,1,0,1,39.1,125,Feline Infectious Peritonitis,1,3,7.2240896,7.3108783
4,32,10,0,750.0,7,17,9,6,8,1,1,1,0,0,1,1,1,1,39.4,90,Equine Encephalomyelitis,3,4,2.340189,7.5997677
1,57,8,1,650.0,1,10,8,6,6,1,0,1,0,1,1,1,0,1,39.5,80,Bovine Respiratory Disease Complex,3,4,3.606353,7.03269
6,55,3,1,1.8,12,11,9,6,6,1,1,0,1,0,1,1,0,1,39.0,140,Rabbit Viral Hemorrhagic Disease,1,3,10.233117,7.3402243
7,89,5,0,90.0,1,10,8,6,7,1,1,0,1,1,1,0,0,1,39.3,78,Scrapie,0,1,5.876913,8.685944
3,18,6,1,100.0,14,4,8,6,7,1,1,0,1,0,1,1,1,1,39.6,85,Pneumonia,0,3,7.9571114,8.987088
5,16,4,0,120.0,1,10,8,6,8,1,1,0,1,0,1,1,1,1,39.2,100,Swine Fever,1,1,5.860393,8.854621
2,51,5,1,40.0,14,10,8,6,7,1,1,0,1,0,1,1,0,0,39.2,130,Canine Parvovirus,0,3,8.201125,7.960914
0,15,3,0,8.0,10,10,1,6,6,1,1,0,1,0,1,1,0,1,39.0,145,Feline Panleukopenia,1,3,7.4775367,7.0921
4,10,7,1,450.0,7,17,9,6,8,1,1,1,0,1,0,1,1,1,39.4,85,Equine Protozoal Myeloencephalitis,3,4,2.4241776,7.863683
1,59,6,0,550.0,1,10,8,6,7,1,0,1,0,1,1,0,1,0,39.6,70,Johne's Disease,3,4,4.1086206,7.479774
6,45,2,1,1.9,12,10,10,6,5,1,1,0,1,1,1,0,0,1,39.1,150,Ringworm,1,3,10.326142,7.4440823
7,108,4,1,110.0,1,10,8,6,8,1,1,0,1,0,1,0,1,1,39.3,77,Bluetongue,0,1,5.6440053,9.2599535
3,78,7,0,120.0,14,4,8,6,7,1,1,0,1,0,1,1,1,0,39.7,85,Foot-and-Mouth Disease,0,3,7.488273,9.602675
5,109,5,1,150.0,1,10,8,6,7,1,0,1,1,1,1,1,1,0,39.3,92,Actinobacillus Pleuropneumonia,0,1,5.110693,8.368662
2,12,4,0,25.0,8,18,9,6,6,1,1,0,1,1,1,0,1,1,39.2,120,Distemper,1,3,6.9083877,6.9786716
0,102,5,1,11.0,1,10,10,6,6,1,1,0,1,1,1,1,0,1,39.2,140,Feline Leukemia Virus,1,3,7.0927496,7.4303675
4,83,6,1,600.0,7,10,15,6,7,1,1,0,1,0,1,1,1,1,39.5,88,Equine Influenza,3,4,2.9320698,8.22702
1,11,7,0,550.0,1,10,8,6,8,1,0,1,1,1,1,1,0,1,39.4,75,Bovine Johne's Disease,3,4,3.774345,6.899574
6,74,2,0,1.5,12,10,10,6,5,1,1,1,0,1,0,1,0,1,39.1,130,Pneumonia,1,3,9.74021,6.1687875
7,41,4,1,95.0,1,10,8,6,8,1,1,0,1,0,1,1,0,0,39.3,78,Contagious Ecthyma,0,1,5.725239,9.160605
3,95,8,0,110.0,14,4,8,6,8,1,1,1,0,1,1,0,0,1,39.8,85,Caprine Arthritis Encephalitis,0,3,8.085034,9.564597
5,65,6,0,130.0,1,10,8,6,7,1,1,0,1,1,0,1,1,0,39.2,110,Swine Influenza,0,1,6.3843427,8.762314
2,31,3,1,6.0,8,18,9,6,7,1,0,0,1,1,1,1,1,0,39.3,135,Parvovirus,1,3,6.374699,6.707558
0,27,4,0,7.5,1,10,10,6,7,1,1,0,1,1,0,1,1,1,39.0,140,Feline Chlamydiosis,1,3,7.0226183,7.590002
4,9,8,1,700.0,7,10,15,6,9,1,0,1,1,1,0,1,1,1,39.3,82,West Nile Virus,3,4,2.6420658,7.889414
1,52,5,0,600.0,1,10,8,6,7,1,0,0,1,1,1,0,1,1,39.6,85,Bovine Tuberculosis,3,4,3.4544175,5.784123
2,86,3,0,28.0,1,10,8,6,7,1,1,0,1,1,1,1,0,1,39.1,120,Kennel Cough,0,3,6.7673316,7.5544367
0,70,4,1,10.0,14,10,8,6,7,1,1,1,1,0,1,1,1,0,39.0,140,Feline Leukemia Virus,1,3,8.397134,7.8747883
4,113,5,0,550.0,7,17,9,6,8,1,1,1,1,0,0,1,1,1,39.5,100,Equine Influenza,3,4,2.4720893,7.856479
1,28,8,1,700.0,1,10,8,6,7,1,1,0,0,1,1,1,0,1,39.2,75,Bovine Respiratory Disease,3,4,3.175255,6.7873306
6,56,2,1,1.5,12,11,9,6,6,1,1,0,1,1,1,0,1,1,39.3,130,Pasteurellosis,1,3,10.086883,7.421631
7,17,6,1,95.0,1,10,8,6,7,1,1,1,0,1,1,1,1,0,39.4,80,Foot-and-Mouth Disease,0,1,4.633113,8.56722
3,61,4,0,90.0,14,4,8,6,7,1,0,1,1,0,1,1,0,1,39.6,85,Caprine Arthritis Encephalitis,0,3,7.8154826,9.420918
5,66,3,0,120.0,1,10,8,6,6,1,1,0,1,1,0,1,1,0,39.1,95,Swine Influenza,0,1,6.2607903,8.723316
2,12,4,1,20.0,8,18,9,6,6,1,0,1,1,0,1,1,1,1,39.2,130,Canine Distemper,1,3,6.2995157,6.729515
0,101,3,0,7.0,1,10,10,6,5,1,1,0,1,1,1,1,1,1,39.0,140,Feline Infectious Peritonitis,1,3,6.9291615,7.446077
4,32,8,1,800.0,7,17,9,6,8,1,1,1,1,0,1,1,1,1,39.6,85,Equine Encephalomyelitis,3,4,2.4292588,7.6655426
1,104,7,0,650.0,1,10,8,6,7,1,0,1,0,1,0,1,1,1,39.3,75,Bovine Tuberculosis,3,4,3.680195,7.4306784
6,73,1,0,1.3,12,11,9,6,5,1,1,0,0,1,1,0,1,1,39.1,140,Myxomatosis,1,3,9.909348,6.7957597
7,112,5,1,110.0,1,10,8,6,8,1,1,1,1,1,1,0,1,0,39.4,70,Scrapie,0,1,4.9533443,8.692805
3,7,7,0,100.0,14,4,8,6,7,1,1,1,0,1,0,1,1,1,39.7,80,Pneumonia,0,3,8.486219,9.241819
5,65,5,1,130.0,1,10,8,6,6,1,0,1,1,1,1,1,0,1,39.2,90,Actinobacillus Pleuropneumonia,0,1,5.3064427,7.89679
2,36,3,0,12.0,8,18,9,6,6,1,1,0,1,0,1,1,1,0,39.0,115,Canine Parvovirus,1,3,7.0132046,6.686077
0,15,4,1,10.0,14,10,8,6,6,1,1,0,1,0,1,1,0,1,39.2,145,Feline Panleukopenia,1,3,7.7550073,7.568402
4,10,6,1,500.0,7,17,9,6,8,1,0,1,0,1,1,0,1,0,39.3,85,Equine Protozoal Myeloencephalitis,3,4,4.3558774,7.631296
1,59,6,1,550.0,1,10,8,6,8,1,1,0,1,1,1,0,0,1,39.5,70,Bovine Johne's Disease,3,4,3.2660291,6.481348
6,55,2,1,1.8,12,10,10,6,6,1,1,1,1,0,1,1,1,1,39.2,130,Rabbit Viral Hemorrhagic Disease,0,3,9.885392,7.507909
7,89,6,0,90.0,1,10,8,6,8,1,1,0,1,0,1,1,1,0,39.6,80,Bluetongue,0,1,6.100055,9.179562
3,18,7,0,120.0,14,4,8,6,7,1,1,0,1,1,0,1,1,1,39.5,90,Foot-and-Mouth Disease,0,3,8.390159,9.029162
5,109,4,0,150.0,1,10,8,6,7,1,0,1,1,1,1,0,1,1,39.4,85,Swine Erysipelas,0,1,5.000262,8.019043
2,26,5,0,22.0,1,9,9,6,7,1,1,1,0,1,1,1,0,1,39.3,120,Canine Cough,1,3,6.9312487,5.7738514
4,87,7,1,550.0,7,17,9,6,8,1,0,1,0,1,1,1,0,1,39.4,110,Equine Infectious Anemia,3,4,3.415333,7.486104
1,57,8,0,750.0,1,10,8,6,9,1,1,1,1,0,1,0,1,1,39.5,85,Bovine Respiratory Disease Complex,3,4,2.7817812,7.2077365
6,45,1,0,2.0,12,10,10,6,7,1,1,1,1,0,1,1,0,1,39.2,120,Respiratory Infection,0,3,9.746076,7.385717
7,30,4,1,85.0,1,10,8,6,7,1,1,1,1,0,1,1,1,1,39.3,95,Blue Tongue Virus,0,1,5.3141394,8.907851
3,95,2,1,85.0,14,4,8,6,7,1,1,0,0,1,1,1,0,1,39.6,90,Caprine Arthritis Encephalitis Virus,0,3,7.669289,8.989462
5,82,3,0,135.0,1,10,8,6,7,1,0,1,1,1,1,1,0,1,39.4,95,African Swine Fever,0,1,5.3658514,7.801002
2,98,4,1,8.0,8,18,9,6,6,1,1,1,1,0,0,1,0,1,39.2,115,Parvovirus,1,3,6.598829,7.2217636
0,1,2,0,6.0,1,10,10,6,6,1,1,0,1,0,1,0,1,1,39.1,140,Feline Infectious Peritonitis,1,3,7.2745414,7.6416316
4,75,9,1,600.0,7,17,9,6,8,1,1,1,1,1,0,1,1,1,39.5,80,West Nile Virus,3,4,2.5239656,7.844824
1,8,5,0,650.0,1,10,8,6,7,1,1,1,1,1,1,1,0,1,39.3,75,Bovine Tuberculosis,3,4,3.3289888,6.9292145
6,55,2,1,1.5,12,10,10,6,6,1,1,1,1,1,1,0,1,1,39.2,130,Viral Hemorrhagic Disease,1,3,10.063748,7.513997
7,108,6,0,120.0,1,10,8,6,7,1,1,1,1,1,1,1,1,0,39.5,80,Scrapie Disease,0,1,5.021921,8.549817
3,114,5,0,75.0,14,4,8,6,7,1,1,1,1,0,1,1,1,1,39.7,85,Pneumonia,0,3,7.7597895,9.770464
5,65,6,1,140.0,1,10,8,6,8,1,1,0,0,1,1,1,1,1,39.5,90,Swine Influenza,0,1,4.695234,8.689328
2,33,2,0,10.0,8,18,9,6,5,1,0,1,1,1,0,1,1,1,39.0,125,Distemper,1,3,6.3876405,6.9815345
0,88,5,1,8.0,1,10,10,6,6,1,1,0,1,1,1,1,1,1,39.2,145,Feline Leukemia Virus,1,3,7.009103,7.474011
4,32,7,1,700.0,7,17,9,6,8,1,1,1,1,1,0,1,1,1,39.6,85,Equine Encephalitis,3,4,2.4294136,7.8060026
1,68,6,1,650.0,1,10,8,6,7,1,1,0,1,1,1,1,0,1,39.5,80,Bovine Respiratory Disease Complex,3,4,3.221455,6.694901
6,74,1,0,1.2,12,11,9,6,5,1,1,1,0,1,0,1,0,1,39.0,130,Rabbit Hemorrhagic Disease,1,3,9.847256,6.245944
7,72,7,1,90.0,1,10,8,6,8,1,1,1,1,1,1,1,1,1,39.4,90,Bluetongue,0,1,5.0119996,8.76595
3,3,6,1,110.0,14,4,8,6,7,1,1,1,1,0,1,1,0,1,39.6,90,Caprine Arthritis Encephalitis Virus,0,3,7.9797897,9.101048
5,16,4,0,120.0,1,10,8,6,7,1,1,0,1,1,1,1,1,1,39.4,85,Swine Erysipelas,1,1,5.9793935,8.669793
2,93,3,0,30.0,8,18,9,6,7,1,1,1,1,1,1,1,1,1,39.2,120,Leptospirosis,1,3,6.6038094,7.225962
0,15,4,1,7.0,1,10,10,6,7,1,1,0,1,0,1,0,1,1,39.1,135,Feline Immunodeficiency Virus,1,3,7.3873816,7.483176
4,113,5,1,550.0,7,17,9,6,8,1,1,0,1,0,1,1,1,1,39.5,110,Equine Infectious Anemia,3,4,2.8491359,8.145993
1,59,3,0,600.0,1,10,8,6,7,1,0,1,1,1,0,0,1,1,39.4,95,Bovine Respiratory Disease,3,4,3.3680363,7.227559
7,42,6,1,120.0,1,10,8,6,9,1,1,1,0,1,1,1,1,0,39.5,85,Scrapie,0,1,4.676148,8.634821
3,78,2,0,80.0,14,4,8,6,6,1,1,1,1,0,1,0,0,1,39.7,90,Caprine Arthritis Encephalitis,0,3,7.756608,9.709512
5,109,3,1,160.0,1,10,8,6,8,1,1,1,1,1,0,1,0,1,39.5,105,Swine Influenza,0,1,5.996732,8.232148
4,32,6,1,700.0,7,17,9,6,9,1,1,1,0,1,1,1,1,1,39.6,115,Equine Herpesvirus,3,4,2.4446952,7.778152
1,8,4,0,650.0,1,10,8,6,8,1,1,0,1,1,0,1,1,1,39.5,90,Bovine Tuberculosis,1,4,3.0846353,7.3249245
6,55,2,1,1.6,12,10,10,6,6,1,1,1,1,1,1,0,1,1,39.2,130,Rabbit Hemorrhagic Disease,1,3,10.027815,7.494955
7,108,7,1,130.0,1,10,8,6,8,1,1,1,1,1,1,0,1,0,39.3,85,Bluetongue Virus,0,1,4.808779,8.709838
3,3,3,0,75.0,14,4,8,6,6,1,1,1,1,1,1,1,1,1,39.7,95,Caprine Arthritis Encephalitis,0,3,8.305656,9.138699
5,16,5,1,140.0,1,10,8,6,7,1,0,1,1,1,1,1,0,1,39.5,100,African Swine Fever,0,1,5.372648,8.081414
2,31,2,1,6.0,8,18,9,6,5,1,1,1,0,0,1,1,0,1,39.3,130,Canine Distemper,1,3,6.623154,6.098392
0,70,6,1,9.0,1,10,10,6,7,1,1,0,1,1,1,0,1,1,39.4,140,Feline Herpesvirus,1,3,7.0756025,7.4156785
4,10,7,0,550.0,7,17,9,6,9,1,1,1,1,0,1,1,1,1,39.7,100,Equine Infectious Anemia,3,4,2.4508057,7.4982357
1,28,8,0,750.0,1,10,8,6,8,1,1,0,1,1,1,1,0,1,39.3,80,Bovine Respiratory Disease,3,4,3.1029885,6.858079
6,44,1,0,1.4,12,10,10,6,5,1,1,1,0,1,1,1,1,1,39.2,130,Rabbit Viral Hemorrhagic Disease,1,3,9.679374,6.314813
7,53,6,1,125.0,1,10,8,6,9,1,1,1,1,1,1,1,1,1,39.6,85,Scrapie Disease,0,1,4.887465,8.741438
3,78,4,1,80.0,14,4,8,6,7,1,1,0,1,0,1,1,1,0,39.6,90,Caprine Respiratory Disease,0,3,7.662978,9.461318
5,66,6,0,130.0,1,10,8,6,8,1,1,0,1,1,1,1,0,1,39.4,95,Swine Fever,0,1,5.970689,8.491097
2,12,2,1,10.0,8,18,9,6,6,1,1,1,1,0,1,1,0,1,39.4,120,Canine Leptospirosis,1,3,6.37856,6.5564127
0,81,4,0,7.0,1,10,10,6,7,1,1,1,0,1,0,1,0,1,39.0,130,Feline Asthma,1,3,7.1741586,5.8235974
4,80,5,1,680.0,7,17,9,6,7,1,1,1,1,1,0,1,1,1,39.4,105,Equine Laminitis,3,4,2.5289843,7.9240527
1,57,3,1,700.0,1,10,8,6,8,1,1,1,1,0,1,1,0,1,39.2,90,Bovine Mastitis,3,4,3.636824,6.641927
1,52,3,1,580.0,1,10,8,6,6,1,1,1,1,0,1,1,0,1,39.4,85,Bovine Respiratory Disease,3,4,3.5585468,6.5632844
7,42,4,1,125.0,1,10,8,6,7,1,1,0,1,1,0,0,1,1,39.3,80,Scrapie,0,1,6.3236446,8.657838
3,95,3,0,75.0,14,4,8,6,7,1,1,1,0,1,0,1,1,1,39.5,90,Caprine Arthritis Encephalitis,0,3,8.432998,9.348231
5,65,4,1,130.0,1,10,8,6,8,1,1,1,1,0,1,0,0,1,39.6,100,Swine Flu,0,1,5.341733,9.17767
7,30,3,0,110.0,1,10,8,6,6,1,1,0,1,1,0,0,1,0,39.4,80,Bluetongue,0,1,6.334466,8.645889
3,18,5,1,85.0,14,4,8,6,7,1,1,1,0,1,0,1,1,1,39.6,95,Goat Pox,0,3,8.564967,9.313297
5,118,2,0,120.0,1,10,8,6,6,1,1,1,0,1,1,1,1,1,39.5,105,Porcine Epidemic Diarrhea Virus,1,1,5.2504435,8.209237
4,75,4,1,650.0,7,17,9,6,8,1,1,1,0,1,1,1,1,1,39.6,120,Equine Herpesvirus,3,4,2.4342136,7.8556647
1,11,3,0,700.0,1,10,8,6,7,1,1,1,1,1,0,0,1,1,39.4,90,Bovine Respiratory Disease,3,4,3.2619784,7.344349
3,61,4,0,70.0,14,4,8,6,7,1,1,1,1,0,1,1,1,0,39.5,90,Caprine Arthritis Encephalitis,0,3,7.8099456,9.550269
5,29,3,1,150.0,1,10,8,6,7,1,0,1,1,0,1,1,1,1,39.7,105,Swine Influenza,0,1,5.243198,8.728562
2,22,3,0,30.0,8,18,9,6,6,1,1,1,1,1,0,1,0,1,39.3,120,Canine Infectious Hepatitis,1,3,6.421835,7.0080266
0,70,5,1,8.0,1,10,10,6,7,1,1,1,1,0,1,0,1,1,39.0,135,Feline Panleukopenia Virus,1,3,7.702642,6.813071
4,10,6,0,650.0,7,17,9,6,7,1,1,1,0,1,1,1,1,1,39.5,110,Equine Metabolic Syndrome,3,4,2.2919886,7.5234137
1,59,2,1,550.0,1,10,8,6,6,1,1,1,0,1,1,1,0,1,39.2,95,Bovine Mastitis,3,4,3.3028517,6.73655
1,104,4,0,700.0,1,10,8,6,8,1,1,1,1,1,0,0,1,1,39.4,100,Bovine Respiratory Disease,3,4,3.2172453,7.480936
7,108,3,1,110.0,1,10,8,6,7,1,1,1,1,0,1,0,1,0,39.3,80,Bluetongue,0,1,5.1537013,9.119077
3,114,2,0,70.0,14,4,8,6,6,1,1,1,1,0,1,1,1,0,39.4,90,Caprine Arthritis Encephalitis,0,3,7.724684,9.692136
5,109,3,1,130.0,1,10,8,6,7,1,1,1,1,0,1,0,0,1,39.6,105,Swine Influenza,0,1,5.2913303,9.184135
1,39,2,1,500.0,1,10,8,6,7,1,1,1,1,0,1,0,0,1,39.4,95,Bovine Tuberculosis,3,4,3.7971034,6.432254
7,30,4,0,120.0,1,10,8,6,8,1,1,1,1,0,1,1,0,1,39.4,85,Scrapie,0,1,5.447882,9.086431
3,3,3,1,75.0,14,4,8,6,7,1,1,1,0,1,0,1,1,0,39.5,100,Caprine Viral Arthritis,0,3,8.594821,9.191243
5,66,2,0,120.0,1,10,8,6,7,1,1,1,1,0,1,1,0,1,39.6,110,Porcine Circovirus Disease,0,1,5.4528074,9.091141
3,78,4,0,80.0,14,4,8,6,8,1,1,1,1,0,1,1,0,1,39.5,95,Caprine Respiratory Disease,0,3,7.783566,9.622292
5,16,5,1,145.0,1,10,8,6,6,1,1,1,1,1,1,0,0,1,39.7,110,Swine Fever,0,1,5.1986065,9.060626
7,42,5,1,150.0,1,10,8,6,7,1,1,1,1,0,1,0,0,1,39.5,90,Scrapie,0,1,5.3592687,9.277252
7,105,6,1,130.0,1,10,8,6,7,1,1,1,1,0,1,1,0,1,39.3,80,Foot-and-Mouth Disease,0,1,5.3632145,9.224494
2,51,5,1,35.0,1,9,9,6,6,1,1,0,1,0,0,0,1,0,39.2,110,Canine Parvovirus,1,3,8.478469,7.6251297
2,63,4,1,30.0,14,10,8,6,7,1,1,0,1,0,0,0,1,0,39.2,100,Canine Parvovirus,1,3,8.682782,7.897624
0,81,3,0,5.0,1,14,10,6,6,1,1,0,1,0,0,0,1,0,39.1,110,Feline Calicivirus,1,3,8.414125,7.34592
4,10,5,1,450.0,7,10,15,6,9,1,0,0,1,1,1,0,1,0,39.4,110,Equine Infectious Anemia,0,4,5.097638,6.380449
4,32,6,1,700.0,7,17,9,6,9,1,1,0,1,1,1,0,1,0,39.4,125,Equine Herpesvirus,0,4,4.7902555,6.628665
2,63,4,1,25.0,5,9,0,21,5,1,1,0,0,0,0,0,0,0,39.5,120,Parvovirus,1,0,8.215295,5.45079
0,101,2,0,4.5,1,14,5,11,0,0,0,0,1,0,0,0,1,1,38.9,150,Upper Respiratory Infection,1,2,9.003477,6.996175
1,57,3,0,600.0,5,11,7,1,7,1,0,0,1,1,0,0,1,0,40.1,90,Foot and Mouth Disease,4,4,3.5346768,5.380906
2,12,1,1,10.0,3,18,8,0,3,1,1,1,0,0,0,0,0,0,39.2,130,Gastroenteritis,1,0,7.6783056,5.0511513
0,81,5,1,3.8,8,0,12,12,4,1,0,0,0,0,0,1,0,0,38.7,160,Fungal Infection,1,0,8.541125,6.7945757
4,113,6,0,500.0,1,7,10,6,1,1,0,0,1,1,0,0,1,0,39.8,85,Equine Influenza,4,2,3.1877828,5.017742
2,50,3,0,30.0,7,6,12,9,9,1,0,0,0,0,1,1,0,0,39.3,110,Lyme Disease,1,3,8.100265,7.878558
0,70,2,1,6.0,14,0,8,4,6,1,1,1,0,0,0,0,0,0,39.1,140,Intestinal Parasites,1,0,8.666972,5.0704565
2,26,5,1,23.0,6,1,10,0,8,1,0,0,1,1,0,0,1,0,40.0,115,Canine Distemper,4,0,5.0298615,5.801609
1,59,4,0,580.0,8,2,6,12,10,1,0,0,0,0,0,0,0,0,39.6,70,Mastitis,4,4,4.366228,4.8260446
